Date,Currency,Actual,Predicted,RMSE,MAE,R2
2022-12-21,GBP,0.00033498446535700437,-6.53907e-05,0.0013664235173057747,0.0010494303640468093,0.477426561371053
2022-12-22,GBP,0.0005616774487767243,0.00032033774,0.0013664235173057747,0.0010494303640468093,0.477426561371053
2022-12-23,GBP,0.0007690478054899444,0.00085916946,0.0013664235173057747,0.0010494303640468093,0.477426561371053
2022-12-26,GBP,0.0007765656238835643,0.00058467936,0.0013664235173057747,0.0010494303640468093,0.477426561371053
2022-12-27,GBP,-0.0010595705684893959,0.00080425054,0.0013664235173057747,0.0010494303640468093,0.477426561371053
2022-12-28,GBP,0.00016808382214962428,-0.00042862725,0.0013664235173057747,0.0010494303640468093,0.477426561371053
2022-12-29,GBP,0.0007818543518874643,-0.0009551014,0.0013664235173057747,0.0010494303640468093,0.477426561371053
2022-12-30,GBP,-0.00034345895019577584,-0.001294262,0.0013664235173057747,0.0010494303640468093,0.477426561371053
2023-01-02,GBP,-0.001058367977604256,0.001020164,0.0013664235173057747,0.0010494303640468093,0.477426561371053
2023-01-03,GBP,0.0005618677387730241,0.0007440887,0.0013664235173057747,0.0010494303640468093,0.477426561371053
2023-01-04,GBP,-0.002376465373236976,-0.00062345783,0.0013664235173057747,0.0010494303640468093,0.477426561371053
2023-01-05,GBP,-3.3863647267215816e-05,-0.00084406923,0.0013664235173057747,0.0010494303640468093,0.477426561371053
2023-01-06,GBP,0.0023142606465778237,-0.0017835491,0.0013664235173057747,0.0010494303640468093,0.477426561371053
2023-01-09,GBP,0.003084405344765004,0.0013466711,0.0013664235173057747,0.0010494303640468093,0.477426561371053
2023-01-10,GBP,0.0016139459435516117,0.0024275547,0.0013664235173057747,0.0010494303640468093,0.477426561371053
2023-01-11,GBP,0.005023724720081692,0.0037584018,0.0013664235173057747,0.0010494303640468093,0.477426561371053
2023-01-12,GBP,0.0023280274063191718,0.0011359131,0.0013664235173057747,0.0010494303640468093,0.477426561371053
2023-01-13,GBP,0.0001852664666716115,9.8691526e-05,0.0013664235173057747,0.0010494303640468093,0.477426561371053
2023-01-16,GBP,0.002252035837364672,0.0013068103,0.0013664235173057747,0.0010494303640468093,0.477426561371053
2023-01-17,GBP,0.0032614160883643237,-0.00015688663,0.0013664235173057747,0.0010494303640468093,0.477426561371053
2023-01-18,GBP,0.0029207627552752633,0.00040274588,0.0013664235173057747,0.0010494303640468093,0.477426561371053
2023-01-19,GBP,0.002608883654283684,0.0010870685,0.0013664235173057747,0.0010494303640468093,0.477426561371053
2023-01-20,GBP,0.002988050600251964,0.0025643213,0.0013664235173057747,0.0010494303640468093,0.477426561371053
2023-01-23,GBP,0.000687938350671824,0.0010225117,0.0013664235173057747,0.0010494303640468093,0.477426561371053
2023-01-24,GBP,0.0009116626906412039,0.00028063168,0.0013664235173057747,0.0010494303640468093,0.477426561371053
2023-01-25,GBP,0.00031193661295870383,-0.0002104882,0.0013664235173057747,0.0010494303640468093,0.477426561371053
2023-01-26,GBP,3.7889874635023806e-05,-0.0003343783,0.0013664235173057747,0.0010494303640468093,0.477426561371053
2023-01-27,GBP,-0.0004299639406914961,0.00055210444,0.0013664235173057747,0.0010494303640468093,0.477426561371053
2023-01-30,GBP,-0.00018885409060695604,0.00042932067,0.0013664235173057747,0.0010494303640468093,0.477426561371053
2023-01-31,GBP,-0.000512423163901776,8.267965e-05,0.0013664235173057747,0.0010494303640468093,0.477426561371053
2023-02-01,GBP,-0.003001665341758556,-0.0003525798,0.0013664235173057747,0.0010494303640468093,0.477426561371053
2023-02-02,GBP,-0.005524731944861076,-5.2589217e-05,0.0013664235173057747,0.0010494303640468093,0.477426561371053
2023-02-03,GBP,-0.005445217029738736,-0.0014894967,0.0013664235173057747,0.0010494303640468093,0.477426561371053
2023-02-06,GBP,-0.0043958977659746155,-0.0033037488,0.0013664235173057747,0.0010494303640468093,0.477426561371053
2023-02-07,GBP,-0.004857329645668536,-0.0038534096,0.0013664235173057747,0.0010494303640468093,0.477426561371053
2023-02-08,GBP,-0.001669667694067896,-0.0021952356,0.0013664235173057747,0.0010494303640468093,0.477426561371053
2023-02-09,GBP,7.250579135028422e-05,-0.00060709834,0.0013664235173057747,0.0010494303640468093,0.477426561371053
2023-02-10,GBP,0.002046180879743724,5.5750475e-05,0.0013664235173057747,0.0010494303640468093,0.477426561371053
2023-02-13,GBP,0.002107184013047224,-0.0001319491,0.0013664235173057747,0.0010494303640468093,0.477426561371053
2023-02-14,GBP,-0.0006572991992941156,0.00024411136,0.0013664235173057747,0.0010494303640468093,0.477426561371053
2023-02-15,GBP,-0.002183844937894876,0.0008933217,0.0013664235173057747,0.0010494303640468093,0.477426561371053
2023-02-16,GBP,-0.00025974307291909583,-0.00063739874,0.0013664235173057747,0.0010494303640468093,0.477426561371053
2023-02-17,GBP,-0.001636240970378556,-0.0017978047,0.0013664235173057747,0.0010494303640468093,0.477426561371053
2023-02-20,GBP,-0.0010171593944919358,-0.0018221337,0.0013664235173057747,0.0010494303640468093,0.477426561371053
2023-02-21,GBP,0.0002587906550314843,0.0006801672,0.0013664235173057747,0.0010494303640468093,0.477426561371053
2023-02-22,GBP,0.0004257177526226243,0.0013598506,0.0013664235173057747,0.0010494303640468093,0.477426561371053
2023-02-23,GBP,-0.0016739192744540756,0.0007224771,0.0013664235173057747,0.0010494303640468093,0.477426561371053
2023-02-24,GBP,0.00041925149712082437,-0.0011781745,0.0013664235173057747,0.0010494303640468093,0.477426561371053
2023-02-27,GBP,-0.0014396713921523956,-0.0016012539,0.0013664235173057747,0.0010494303640468093,0.477426561371053
2023-02-28,GBP,-0.00033287661196915576,-0.00039822873,0.0013664235173057747,0.0010494303640468093,0.477426561371053
2023-03-01,GBP,-0.0010822407873810357,0.0007041972,0.0013664235173057747,0.0010494303640468093,0.477426561371053
2023-03-02,GBP,0.0017069100050164643,0.000973724,0.0013664235173057747,0.0010494303640468093,0.477426561371053
2023-03-03,GBP,-0.0006021538164629155,-0.00062739477,0.0013664235173057747,0.0010494303640468093,0.477426561371053
2023-03-06,GBP,-0.0031322817943164154,0.00032313672,0.0013664235173057747,0.0010494303640468093,0.477426561371053
2023-03-07,GBP,-0.002860833078773175,0.0009141454,0.0013664235173057747,0.0010494303640468093,0.477426561371053
2023-03-08,GBP,-0.00019611805431281538,-0.0027426363,0.0013664235173057747,0.0010494303640468093,0.477426561371053
2023-03-09,GBP,4.180237963336449e-05,-0.0032551244,0.0013664235173057747,0.0010494303640468093,0.477426561371053
2023-03-10,GBP,0.0027838464243160844,-0.0012818337,0.0013664235173057747,0.0010494303640468093,0.477426561371053
2023-03-13,GBP,0.005599828901721825,0.0032528474,0.0013664235173057747,0.0010494303640468093,0.477426561371053
2023-03-14,GBP,0.0036007062827655644,0.004500791,0.0013664235173057747,0.0010494303640468093,0.477426561371053
2023-03-15,GBP,0.003128968650836724,0.003748256,0.0013664235173057747,0.0010494303640468093,0.477426561371053
2023-03-16,GBP,0.0024235042881831444,0.0011774955,0.0013664235173057747,0.0010494303640468093,0.477426561371053
2023-03-17,GBP,0.0015398951397708044,0.0003526888,0.0013664235173057747,0.0010494303640468093,0.477426561371053
2023-03-20,GBP,0.0009728319163695846,-0.00022165138,0.0013664235173057747,0.0010494303640468093,0.477426561371053
2023-03-21,GBP,0.003518244917441705,0.001759709,0.0013664235173057747,0.0010494303640468093,0.477426561371053
2023-03-22,GBP,0.0029161861959611846,0.001878748,0.0013664235173057747,0.0010494303640468093,0.477426561371053
2023-03-23,GBP,0.0008813769607131849,0.0010924222,0.0013664235173057747,0.0010494303640468093,0.477426561371053
2023-03-24,GBP,0.0001549794493378444,0.0012045869,0.0013664235173057747,0.0010494303640468093,0.477426561371053
2023-03-27,GBP,0.0020440236408861443,-0.0005861241,0.0013664235173057747,0.0010494303640468093,0.477426561371053
2023-03-28,GBP,0.0007550546382158441,-0.00049956253,0.0013664235173057747,0.0010494303640468093,0.477426561371053
2023-03-29,GBP,0.0016146887291327843,0.00041042248,0.0013664235173057747,0.0010494303640468093,0.477426561371053
2023-03-30,GBP,0.001670286198826304,0.0012650936,0.0013664235173057747,0.0010494303640468093,0.477426561371053
2023-03-31,GBP,0.0021332293752491043,0.0010505441,0.0013664235173057747,0.0010494303640468093,0.477426561371053
2023-04-03,GBP,0.0025584995307944445,0.00031813356,0.0013664235173057747,0.0010494303640468093,0.477426561371053
2023-04-04,GBP,0.0023558250858098243,0.00012089587,0.0013664235173057747,0.0010494303640468093,0.477426561371053
2023-04-05,GBP,0.0008499406269151842,0.0012779547,0.0013664235173057747,0.0010494303640468093,0.477426561371053
2023-04-06,GBP,0.0013840829487721442,0.0012867998,0.0013664235173057747,0.0010494303640468093,0.477426561371053
2023-04-07,GBP,-0.0005254427152638957,0.00012989575,0.0013664235173057747,0.0010494303640468093,0.477426561371053
2023-04-10,GBP,-0.0011840250039865958,-0.00086429453,0.0013664235173057747,0.0010494303640468093,0.477426561371053
2023-04-11,GBP,0.0003895967568374843,-0.0012309253,0.0013664235173057747,0.0010494303640468093,0.477426561371053
2023-04-12,GBP,0.0013834982099478644,-0.0004005326,0.0013664235173057747,0.0010494303640468093,0.477426561371053
2023-04-13,GBP,-5.164437064695582e-05,0.0007591266,0.0013664235173057747,0.0010494303640468093,0.477426561371053
2023-04-14,GBP,-0.00011626415396325581,0.001687509,0.0013664235173057747,0.0010494303640468093,0.477426561371053
2023-04-17,GBP,-1.8863834264735892e-05,0.0004981402,0.0013664235173057747,0.0010494303640468093,0.477426561371053
2023-04-18,GBP,-0.0007270174688814759,-0.0009302212,0.0013664235173057747,0.0010494303640468093,0.477426561371053
2023-04-19,GBP,-0.0012874533169252558,-0.0011414004,0.0013664235173057747,0.0010494303640468093,0.477426561371053
2023-04-20,GBP,0.0004049847371712042,0.00018853304,0.0013664235173057747,0.0010494303640468093,0.477426561371053
2023-04-21,GBP,0.0017567296572903843,0.0005479772,0.0013664235173057747,0.0010494303640468093,0.477426561371053
2023-04-24,GBP,-0.0002364261891953157,0.00021873621,0.0013664235173057747,0.0010494303640468093,0.477426561371053
2023-04-25,GBP,0.00047302840197988445,0.0008550853,0.0013664235173057747,0.0010494303640468093,0.477426561371053
2023-04-26,GBP,0.0009220286344392844,-0.0001589625,0.0013664235173057747,0.0010494303640468093,0.477426561371053
2023-04-27,GBP,0.0020102485171042046,-0.000231495,0.0013664235173057747,0.0010494303640468093,0.477426561371053
2023-04-28,GBP,0.00020440418096406425,0.0002011026,0.0013664235173057747,0.0010494303640468093,0.477426561371053
2023-05-01,GBP,0.0009417499064532044,0.002324591,0.0013664235173057747,0.0010494303640468093,0.477426561371053
2023-05-02,GBP,0.0015790200181394042,0.0015791636,0.0013664235173057747,0.0010494303640468093,0.477426561371053
2023-05-03,GBP,0.0011930336437770642,-0.00044604024,0.0013664235173057747,0.0010494303640468093,0.477426561371053
2023-05-04,GBP,0.0010914780528752245,0.00016054587,0.0013664235173057747,0.0010494303640468093,0.477426561371053
2023-05-05,GBP,0.0019363764359495643,0.0008140602,0.0013664235173057747,0.0010494303640468093,0.477426561371053
2023-05-08,GBP,0.0024640427810554443,0.0021442347,0.0013664235173057747,0.0010494303640468093,0.477426561371053
2023-05-09,GBP,0.0009709295811761241,0.0013871032,0.0013664235173057747,0.0010494303640468093,0.477426561371053
2023-05-10,GBP,-0.0010095699032850757,0.0010887606,0.0013664235173057747,0.0010494303640468093,0.477426561371053
2023-05-11,GBP,-0.002939221346755696,0.0004343438,0.0013664235173057747,0.0010494303640468093,0.477426561371053
2023-05-12,GBP,-0.001384267342705836,-0.0011402528,0.0013664235173057747,0.0010494303640468093,0.477426561371053
2023-05-15,GBP,-0.002134132905488256,-0.0021766424,0.0013664235173057747,0.0010494303640468093,0.477426561371053
2023-05-16,GBP,-0.002197176654491876,-0.001795293,0.0013664235173057747,0.0010494303640468093,0.477426561371053
2023-05-17,GBP,-0.001593204110985496,-0.0001432074,0.0013664235173057747,0.0010494303640468093,0.477426561371053
2023-05-18,GBP,-2.1819800223056048e-05,-0.00029572935,0.0013664235173057747,0.0010494303640468093,0.477426561371053
2023-05-19,GBP,-0.001467855879168916,-0.0013449257,0.0013664235173057747,0.0010494303640468093,0.477426561371053
2023-05-22,GBP,-0.001119296056767456,-0.0015517293,0.0013664235173057747,0.0010494303640468093,0.477426561371053
2023-05-23,GBP,-0.001972852555509956,-0.0005880972,0.0013664235173057747,0.0010494303640468093,0.477426561371053
2023-05-24,GBP,-0.0014353395353276159,-0.0007010473,0.0013664235173057747,0.0010494303640468093,0.477426561371053
2023-05-25,GBP,-0.001544775800436016,-0.0012908803,0.0013664235173057747,0.0010494303640468093,0.477426561371053
2023-05-26,GBP,-0.001319054449381676,-0.0013956624,0.0013664235173057747,0.0010494303640468093,0.477426561371053
2023-05-29,GBP,-4.2671144030456004e-05,-0.0009276225,0.0013664235173057747,0.0010494303640468093,0.477426561371053
2023-05-30,GBP,0.0012622136894621639,-0.00028232954,0.0013664235173057747,0.0010494303640468093,0.477426561371053
2023-05-31,GBP,0.0033240566151604444,0.00056588603,0.0013664235173057747,0.0010494303640468093,0.477426561371053
2023-06-01,GBP,0.0016239709882486838,0.0009263332,0.0013664235173057747,0.0010494303640468093,0.477426561371053
2023-06-02,GBP,0.0013179696549804041,0.0025592654,0.0013664235173057747,0.0010494303640468093,0.477426561371053
2023-06-05,GBP,0.00018628734226220413,0.0019565048,0.0013664235173057747,0.0010494303640468093,0.477426561371053
2023-06-06,GBP,-5.560874646637592e-05,0.00024132541,0.0013664235173057747,0.0010494303640468093,0.477426561371053
2023-06-07,GBP,0.000539728549687544,-0.0006434522,0.0013664235173057747,0.0010494303640468093,0.477426561371053
2023-06-08,GBP,0.001992003101623484,-0.00022132894,0.0013664235173057747,0.0010494303640468093,0.477426561371053
2023-06-09,GBP,0.0012464881964484643,0.001932351,0.0013664235173057747,0.0010494303640468093,0.477426561371053
2023-06-12,GBP,0.0030537518315397845,0.0023748889,0.0013664235173057747,0.0010494303640468093,0.477426561371053
2023-06-13,GBP,0.0036209090422596444,0.0017365288,0.0013664235173057747,0.0010494303640468093,0.477426561371053
2023-06-14,GBP,0.003538818110839624,0.0008178292,0.0013664235173057747,0.0010494303640468093,0.477426561371053
2023-06-15,GBP,0.003941719356572525,0.0020115208,0.0013664235173057747,0.0010494303640468093,0.477426561371053
2023-06-16,GBP,0.0044437573516898045,0.0031509087,0.0013664235173057747,0.0010494303640468093,0.477426561371053
2023-06-19,GBP,0.002392209844941124,0.0030925456,0.0013664235173057747,0.0010494303640468093,0.477426561371053
2023-06-20,GBP,0.0016305880332783042,0.0016875624,0.0013664235173057747,0.0010494303640468093,0.477426561371053
2023-06-21,GBP,-0.0005774265748962758,0.0004353702,0.0013664235173057747,0.0010494303640468093,0.477426561371053
2023-06-22,GBP,-0.0017053760685620558,-0.00069715304,0.0013664235173057747,0.0010494303640468093,0.477426561371053
2023-06-23,GBP,-0.001253063817138856,-0.0012242734,0.0013664235173057747,0.0010494303640468093,0.477426561371053
2023-06-26,GBP,-0.00021769076382413582,-0.0012499287,0.0013664235173057747,0.0010494303640468093,0.477426561371053
2023-06-27,GBP,-0.0020684743847672557,-0.0005062156,0.0013664235173057747,0.0010494303640468093,0.477426561371053
2023-06-28,GBP,-0.0021037299024789157,0.00062163314,0.0013664235173057747,0.0010494303640468093,0.477426561371053
2023-06-29,GBP,-0.00020611523817181575,-0.0002172657,0.0013664235173057747,0.0010494303640468093,0.477426561371053
2023-06-30,GBP,-0.00033209949014029573,-0.0012046816,0.0013664235173057747,0.0010494303640468093,0.477426561371053
2023-07-03,GBP,-0.0005517020128214957,-0.0006810059,0.0013664235173057747,0.0010494303640468093,0.477426561371053
2023-07-04,GBP,0.0010790540954408042,0.0011629752,0.0013664235173057747,0.0010494303640468093,0.477426561371053
2023-07-05,GBP,0.002057157917793144,0.0011126567,0.0013664235173057747,0.0010494303640468093,0.477426561371053
2023-07-06,GBP,0.0021527932555856443,8.727803e-05,0.0013664235173057747,0.0010494303640468093,0.477426561371053
2023-07-07,GBP,0.002637116683374004,0.00032224713,0.0013664235173057747,0.0010494303640468093,0.477426561371053
2023-07-10,GBP,0.003394434821101984,0.0013921236,0.0013664235173057747,0.0010494303640468093,0.477426561371053
2023-07-11,GBP,0.004433527475391304,0.0017803533,0.0013664235173057747,0.0010494303640468093,0.477426561371053
2023-07-12,GBP,0.0061297163232252845,0.0016485059,0.0013664235173057747,0.0010494303640468093,0.477426561371053
2023-07-13,GBP,0.003953496713136465,0.0015773851,0.0013664235173057747,0.0010494303640468093,0.477426561371053
2023-07-14,GBP,0.0033049039473379846,0.0029568742,0.0013664235173057747,0.0010494303640468093,0.477426561371053
2023-07-17,GBP,0.0016191006123388244,0.0027732174,0.0013664235173057747,0.0010494303640468093,0.477426561371053
2023-07-18,GBP,-0.0007044703558534756,0.0010434013,0.0013664235173057747,0.0010494303640468093,0.477426561371053
2023-07-19,GBP,-0.0041270931821952355,-0.00066503114,0.0013664235173057747,0.0010494303640468093,0.477426561371053
2023-07-20,GBP,-0.003644056863449216,-0.0020795856,0.0013664235173057747,0.0010494303640468093,0.477426561371053
2023-07-21,GBP,-0.003804989582299876,-0.0028770426,0.0013664235173057747,0.0010494303640468093,0.477426561371053
2023-07-24,GBP,-0.002038251307361675,-0.0024239223,0.0013664235173057747,0.0010494303640468093,0.477426561371053
2023-07-25,GBP,2.3761572892864406e-05,-0.0013665206,0.0013664235173057747,0.0010494303640468093,0.477426561371053
2023-07-26,GBP,-0.0011042612831415155,-9.615694e-05,0.0013664235173057747,0.0010494303640468093,0.477426561371053
2023-07-27,GBP,-7.38258123118356e-05,0.0011781395,0.0013664235173057747,0.0010494303640468093,0.477426561371053
2023-07-28,GBP,0.00015944470540530452,-0.00012926372,0.0013664235173057747,0.0010494303640468093,0.477426561371053
2023-07-31,GBP,-0.0019606025228733753,-0.0016691585,0.0013664235173057747,0.0010494303640468093,0.477426561371053
2023-08-01,GBP,-0.0035826459759475153,-0.0017372884,0.0013664235173057747,0.0010494303640468093,0.477426561371053
2023-08-02,GBP,-0.0013736291270422557,-0.0002930867,0.0013664235173057747,0.0010494303640468093,0.477426561371053
2023-08-03,GBP,-0.0015567501704356556,-0.0017038791,0.0013664235173057747,0.0010494303640468093,0.477426561371053
2023-08-04,GBP,-0.0008054592126437957,-0.002025186,0.0013664235173057747,0.0010494303640468093,0.477426561371053
2023-08-07,GBP,-0.0004024088158934757,-0.00048496906,0.0013664235173057747,0.0010494303640468093,0.477426561371053
2023-08-08,GBP,9.747699942204432e-05,0.00057482853,0.0013664235173057747,0.0010494303640468093,0.477426561371053
2023-08-09,GBP,-0.0005158529353692556,0.00025318793,0.0013664235173057747,0.0010494303640468093,0.477426561371053
2023-08-10,GBP,-0.0008297548151896355,-0.0010994467,0.0013664235173057747,0.0010494303640468093,0.477426561371053
2023-08-11,GBP,-0.0015049069194875355,-0.0011580818,0.0013664235173057747,0.0010494303640468093,0.477426561371053
2023-08-14,GBP,-0.0006890770014310755,-0.0007680413,0.0013664235173057747,0.0010494303640468093,0.477426561371053
2023-08-15,GBP,0.0002378255272492044,2.3600129e-05,0.0013664235173057747,0.0010494303640468093,0.477426561371053
2023-08-16,GBP,0.0011182769879127643,0.00035403974,0.0013664235173057747,0.0010494303640468093,0.477426561371053
2023-08-17,GBP,0.0006143128715453844,0.0007693561,0.0013664235173057747,0.0010494303640468093,0.477426561371053
2023-08-18,GBP,0.0010858895735922642,0.0007553836,0.0013664235173057747,0.0010494303640468093,0.477426561371053
2023-08-21,GBP,0.0004100768717807244,0.00022201658,0.0013664235173057747,0.0010494303640468093,0.477426561371053
2023-08-22,GBP,-0.00012484620724979568,-0.00033201123,0.0013664235173057747,0.0010494303640468093,0.477426561371053
2023-08-23,GBP,-0.0022781188144072157,-0.00015400621,0.0013664235173057747,0.0010494303640468093,0.477426561371053
2023-08-24,GBP,-0.0024546942814015157,-0.00021406046,0.0013664235173057747,0.0010494303640468093,0.477426561371053
2023-08-25,GBP,-0.002418805199340076,-0.0016914986,0.0013664235173057747,0.0010494303640468093,0.477426561371053
2023-08-28,GBP,-0.0013918213237946557,-0.0019659454,0.0013664235173057747,0.0010494303640468093,0.477426561371053
2023-08-29,GBP,-3.226935173237574e-05,-0.0015950281,0.0013664235173057747,0.0010494303640468093,0.477426561371053
2023-08-30,GBP,0.0011464272866708043,0.00093532976,0.0013664235173057747,0.0010494303640468093,0.477426561371053
2023-08-31,GBP,0.00020151612608028442,0.0020042001,0.0013664235173057747,0.0010494303640468093,0.477426561371053
2023-09-01,GBP,0.00042354866788330437,0.0021639194,0.0013664235173057747,0.0010494303640468093,0.477426561371053
2023-09-04,GBP,-0.0012249244038249156,-0.0008704378,0.0013664235173057747,0.0010494303640468093,0.477426561371053
2023-09-05,GBP,-0.003382008130024236,-0.0011512145,0.0013664235173057747,0.0010494303640468093,0.477426561371053
2023-09-06,GBP,-0.0032030280978564557,-0.001429151,0.0013664235173057747,0.0010494303640468093,0.477426561371053
2023-09-07,GBP,-0.001973087125924476,-0.001272877,0.0013664235173057747,0.0010494303640468093,0.477426561371053
2023-09-08,GBP,-0.0019030720900578759,-0.001951658,0.0013664235173057747,0.0010494303640468093,0.477426561371053
2023-09-11,GBP,-0.0011291461166497957,-0.0015458933,0.0013664235173057747,0.0010494303640468093,0.477426561371053
2023-09-12,GBP,-0.00028598517177987574,-3.6461155e-05,0.0013664235173057747,0.0010494303640468093,0.477426561371053
2023-09-13,GBP,-0.0010074490357537757,-0.00030029667,0.0013664235173057747,0.0010494303640468093,0.477426561371053
2023-09-14,GBP,-0.0013462660389768357,-0.00076969893,0.0013664235173057747,0.0010494303640468093,0.477426561371053
2023-09-15,GBP,-0.001971700113140676,-0.0012647267,0.0013664235173057747,0.0010494303640468093,0.477426561371053
2023-09-18,GBP,-0.0016186548469314158,-0.0016114318,0.0013664235173057747,0.0010494303640468093,0.477426561371053
2023-09-19,GBP,-0.0023293854109806755,-0.0009864939,0.0013664235173057747,0.0010494303640468093,0.477426561371053
2023-09-20,GBP,-0.001809949694458736,5.152011e-05,0.0013664235173057747,0.0010494303640468093,0.477426561371053
2023-09-21,GBP,-0.002301583735837396,-0.00017179821,0.0013664235173057747,0.0010494303640468093,0.477426561371053
2023-09-22,GBP,-0.002840380653270616,-0.0011620235,0.0013664235173057747,0.0010494303640468093,0.477426561371053
2023-09-25,GBP,-0.0038049500231690362,-0.0016941593,0.0013664235173057747,0.0010494303640468093,0.477426561371053
2023-09-26,GBP,-0.003408950347365296,-0.001986235,0.0013664235173057747,0.0010494303640468093,0.477426561371053
2023-09-27,GBP,-0.0014775568991171957,-0.0018871803,0.0013664235173057747,0.0010494303640468093,0.477426561371053
2023-09-28,GBP,-0.0006812773897487757,-0.0015749712,0.0013664235173057747,0.0010494303640468093,0.477426561371053
2023-09-29,GBP,-0.0020273936920549157,0.0001586587,0.0013664235173057747,0.0010494303640468093,0.477426561371053
2023-10-02,GBP,-0.0013409455060203958,0.0014935861,0.0013664235173057747,0.0010494303640468093,0.477426561371053
2023-10-03,GBP,1.4327236949824264e-05,-0.00048610516,0.0013664235173057747,0.0010494303640468093,0.477426561371053
2023-10-04,GBP,-0.00018344779395251587,-0.0019390503,0.0013664235173057747,0.0010494303640468093,0.477426561371053
2023-10-05,GBP,0.0006694038549996042,-0.001187938,0.0013664235173057747,0.0010494303640468093,0.477426561371053
2023-10-06,GBP,0.002522014724743024,0.0018238231,0.0013664235173057747,0.0010494303640468093,0.477426561371053
2023-10-09,GBP,0.003455325182733824,0.00267073,0.0013664235173057747,0.0010494303640468093,0.477426561371053
2023-10-10,GBP,0.002934310637147484,0.0020021228,0.0013664235173057747,0.0010494303640468093,0.477426561371053
2023-10-11,GBP,-0.00029543667195073566,0.001078361,0.0013664235173057747,0.0010494303640468093,0.477426561371053
2023-10-12,GBP,-0.0015263931287865559,0.0011395112,0.0013664235173057747,0.0010494303640468093,0.477426561371053
2023-10-13,GBP,-0.00034072001227769576,-0.001123649,0.0013664235173057747,0.0010494303640468093,0.477426561371053
2023-10-16,GBP,-0.0016653286468205158,-0.0022822083,0.0013664235173057747,0.0010494303640468093,0.477426561371053
2023-10-17,GBP,-0.002827076237452336,-0.0017966384,0.0013664235173057747,0.0010494303640468093,0.477426561371053
2023-10-18,GBP,-0.00048734371939587593,0.0002862518,0.0013664235173057747,0.0010494303640468093,0.477426561371053
2023-10-19,GBP,0.0003349312513673241,-0.00077360356,0.0013664235173057747,0.0010494303640468093,0.477426561371053
2023-10-20,GBP,0.0004973880156640441,-0.0011832198,0.0013664235173057747,0.0010494303640468093,0.477426561371053
2023-10-23,GBP,-0.00039946779189885576,-0.00094322866,0.0013664235173057747,0.0010494303640468093,0.477426561371053
2023-10-24,GBP,-0.00043385026311345594,0.0012795816,0.0013664235173057747,0.0010494303640468093,0.477426561371053
2023-10-25,GBP,-0.00023556914017323585,0.00025248894,0.0013664235173057747,0.0010494303640468093,0.477426561371053
2023-10-26,GBP,-0.0007298235925571558,-0.001216198,0.0013664235173057747,0.0010494303640468093,0.477426561371053
2023-10-27,GBP,-0.001269372615276916,-0.0013529992,0.0013664235173057747,0.0010494303640468093,0.477426561371053
2023-10-30,GBP,-9.524924913427592e-05,-0.00075005397,0.0013664235173057747,0.0010494303640468093,0.477426561371053
2023-10-31,GBP,0.0006120213962185642,0.0003077192,0.0013664235173057747,0.0010494303640468093,0.477426561371053
2023-11-01,GBP,0.0012202703984978242,0.00025231895,0.0013664235173057747,0.0010494303640468093,0.477426561371053
2023-11-02,GBP,0.004285990462752604,9.4227675e-05,0.0013664235173057747,0.0010494303640468093,0.477426561371053
2023-11-03,GBP,0.0028474120277344034,0.0006416633,0.0013664235173057747,0.0010494303640468093,0.477426561371053
2023-11-06,GBP,0.002413567646373704,0.0035410533,0.0013664235173057747,0.0010494303640468093,0.477426561371053
2023-11-07,GBP,0.002251538871413624,0.0035439404,0.0013664235173057747,0.0010494303640468093,0.477426561371053
2023-11-08,GBP,0.00038611072508766363,0.00137,0.0013664235173057747,0.0010494303640468093,0.477426561371053
2023-11-09,GBP,-0.002498484852753936,-0.00074488076,0.0013664235173057747,0.0010494303640468093,0.477426561371053
2023-11-10,GBP,-0.0010015534408661167,-0.0013823337,0.0013664235173057747,0.0010494303640468093,0.477426561371053
2023-11-13,GBP,0.0029587268925780437,-0.001320197,0.0013664235173057747,0.0010494303640468093,0.477426561371053
2023-11-14,GBP,0.0018421261933342238,-0.0009353748,0.0013664235173057747,0.0010494303640468093,0.477426561371053
2023-11-15,GBP,0.002770698555525184,0.003927034,0.0013664235173057747,0.0010494303640468093,0.477426561371053
2023-11-16,GBP,0.0035274736035197434,0.0036050978,0.0013664235173057747,0.0010494303640468093,0.477426561371053
2023-11-17,GBP,0.0033666864544895036,0.0019511174,0.0013664235173057747,0.0010494303640468093,0.477426561371053
2023-11-20,GBP,0.0006149681276328438,-0.00025729774,0.0013664235173057747,0.0010494303640468093,0.477426561371053
2023-11-21,GBP,0.001257053308682444,0.0008599947,0.0013664235173057747,0.0010494303640468093,0.477426561371053
2023-11-22,GBP,0.001961737211719344,0.0013794644,0.0013664235173057747,0.0010494303640468093,0.477426561371053
2023-11-23,GBP,0.002273159758516624,-0.00024801592,0.0013664235173057747,0.0010494303640468093,0.477426561371053
2023-11-24,GBP,0.0019319765762410436,0.00018098552,0.0013664235173057747,0.0010494303640468093,0.477426561371053
2023-11-27,GBP,0.0025131183931962433,0.00010274511,0.0013664235173057747,0.0010494303640468093,0.477426561371053
2023-11-28,GBP,0.0031675272260092632,0.0013068576,0.0013664235173057747,0.0010494303640468093,0.477426561371053
2023-11-29,GBP,0.0014243878716382438,0.0010534126,0.0013664235173057747,0.0010494303640468093,0.477426561371053
2023-11-30,GBP,0.0017017974366433034,0.0012258843,0.0013664235173057747,0.0010494303640468093,0.477426561371053
2023-12-01,GBP,0.00012528488099152363,0.00038767228,0.0013664235173057747,0.0010494303640468093,0.477426561371053
2023-12-04,GBP,-0.0015533323640000963,0.0006928393,0.0013664235173057747,0.0010494303640468093,0.477426561371053
2023-12-05,GBP,-0.0021251446282397964,-0.00022525193,0.0013664235173057747,0.0010494303640468093,0.477426561371053
2023-12-06,GBP,-0.00044896732423553625,-0.0009649611,0.0013664235173057747,0.0010494303640468093,0.477426561371053
2023-12-07,GBP,-0.0025577429111438565,-0.0015815089,0.0013664235173057747,0.0010494303640468093,0.477426561371053
2023-12-08,GBP,-0.0012186936599226164,-0.0005504314,0.0013664235173057747,0.0010494303640468093,0.477426561371053
2023-12-11,GBP,-0.0005374083626700963,-0.0005090034,0.0013664235173057747,0.0010494303640468093,0.477426561371053
2023-12-12,GBP,0.0009574166934062437,-0.00086026936,0.0013664235173057747,0.0010494303640468093,0.477426561371053
2023-12-13,GBP,0.0027297918702725034,-0.00037566587,0.0013664235173057747,0.0010494303640468093,0.477426561371053
2023-12-14,GBP,0.002144347925540204,0.00068146386,0.0013664235173057747,0.0010494303640468093,0.477426561371053
2023-12-15,GBP,0.0014806969733447035,0.0029622845,0.0013664235173057747,0.0010494303640468093,0.477426561371053
2023-12-18,GBP,0.0026974894542605835,0.0029912244,0.0013664235173057747,0.0010494303640468093,0.477426561371053
2023-12-19,GBP,0.00034509669191662396,0.00020543496,0.0013664235173057747,0.0010494303640468093,0.477426561371053
2023-12-20,GBP,-0.001209370701435596,-0.00068353943,0.0013664235173057747,0.0010494303640468093,0.477426561371053
2023-12-21,GBP,0.000248376984137364,-0.0006220623,0.0013664235173057747,0.0010494303640468093,0.477426561371053
2023-12-22,GBP,0.0008002782490054189,0.00039367817,0.0013664235173057747,0.0010494303640468093,0.477426561371053
2023-12-25,GBP,-0.00010259739753388136,-0.00010634654,0.0013664235173057747,0.0010494303640468093,0.477426561371053
2023-12-26,GBP,0.0024899192074408585,0.00095503515,0.0013664235173057747,0.0010494303640468093,0.477426561371053
2023-12-27,GBP,0.0006984829419081186,0.0010648958,0.0013664235173057747,0.0010494303640468093,0.477426561371053
2023-12-28,GBP,0.0005566277917780787,0.0012392009,0.0013664235173057747,0.0010494303640468093,0.477426561371053
2023-12-29,GBP,0.0004466339750878841,0.00094893196,0.0013664235173057747,0.0010494303640468093,0.477426561371053
2024-01-01,GBP,-0.001660026311682096,-0.00027646564,0.0013664235173057747,0.0010494303640468093,0.477426561371053
2024-01-02,GBP,-0.002046748488659456,-0.0008700636,0.0013664235173057747,0.0010494303640468093,0.477426561371053
2024-01-03,GBP,-0.000778078877915976,-0.0015916488,0.0013664235173057747,0.0010494303640468093,0.477426561371053
2024-01-04,GBP,-0.000226158985146136,-0.0010661511,0.0013664235173057747,0.0010494303640468093,0.477426561371053
2024-01-05,GBP,0.000339856610893164,-0.0004621544,0.0013664235173057747,0.0010494303640468093,0.477426561371053
2024-01-08,GBP,0.001456552623109244,0.0012385435,0.0013664235173057747,0.0010494303640468093,0.477426561371053
2024-01-09,GBP,0.0012151450564847441,0.0013126158,0.0013664235173057747,0.0010494303640468093,0.477426561371053
2024-01-10,GBP,0.001244912810630424,0.000664653,0.0013664235173057747,0.0010494303640468093,0.477426561371053
2024-01-11,GBP,0.0005519491943063039,0.0002554804,0.0013664235173057747,0.0010494303640468093,0.477426561371053
2024-01-12,GBP,-0.00032757029367247605,0.00030488425,0.0013664235173057747,0.0010494303640468093,0.477426561371053
2024-01-15,GBP,-0.0011614031016770163,0.00035266025,0.0013664235173057747,0.0010494303640468093,0.477426561371053
2024-01-16,GBP,-0.0010476689031370362,-1.5141857e-05,0.0013664235173057747,0.0010494303640468093,0.477426561371053
2024-01-17,GBP,-0.0008567585531337961,-0.0011929772,0.0013664235173057747,0.0010494303640468093,0.477426561371053
2024-01-18,GBP,-0.0007786722546208162,-0.0012611415,0.0013664235173057747,0.0010494303640468093,0.477426561371053
2024-01-19,GBP,-0.0002449705589455362,2.6207592e-05,0.0013664235173057747,0.0010494303640468093,0.477426561371053
2024-01-22,GBP,0.0007917197835659038,0.00042717767,0.0013664235173057747,0.0010494303640468093,0.477426561371053
2024-01-23,GBP,0.0007892872340929437,0.00037254486,0.0013664235173057747,0.0010494303640468093,0.477426561371053
2024-01-24,GBP,3.300437504478375e-05,-0.00014122576,0.0013664235173057747,0.0010494303640468093,0.477426561371053
2024-01-25,GBP,1.7277403202003744e-05,0.00045630126,0.0013664235173057747,0.0010494303640468093,0.477426561371053
2024-01-26,GBP,1.5244155997637312e-06,0.00035876606,0.0013664235173057747,0.0010494303640468093,0.477426561371053
2024-01-29,GBP,0.00022180606141834373,0.00014727454,0.0013664235173057747,0.0010494303640468093,0.477426561371053
2024-01-30,GBP,-0.0005977047830626563,-4.949088e-05,0.0013664235173057747,0.0010494303640468093,0.477426561371053
2024-01-31,GBP,0.0005364256989821238,-9.473122e-06,0.0013664235173057747,0.0010494303640468093,0.477426561371053
2024-02-01,GBP,-0.0011113279485503163,-0.00031266842,0.0013664235173057747,0.0010494303640468093,0.477426561371053
2024-02-02,GBP,-0.0027730215836880563,0.00010558802,0.0013664235173057747,0.0010494303640468093,0.477426561371053
2024-02-05,GBP,-0.0015945367452166164,-0.0008137395,0.0013664235173057747,0.0010494303640468093,0.477426561371053
2024-02-06,GBP,-0.0009453487339181161,-0.0020918448,0.0013664235173057747,0.0010494303640468093,0.477426561371053
2024-02-07,GBP,-0.001970700391842816,-0.0024024781,0.0013664235173057747,0.0010494303640468093,0.477426561371053
2024-02-08,GBP,-5.404280236807614e-05,0.00020259272,0.0013664235173057747,0.0010494303640468093,0.477426561371053
2024-02-09,GBP,0.0014657761881699638,0.0011027425,0.0013664235173057747,0.0010494303640468093,0.477426561371053
2024-02-12,GBP,-0.00010973224250459597,0.00036075353,0.0013664235173057747,0.0010494303640468093,0.477426561371053
2024-02-13,GBP,-0.0009671725730283759,-9.2281065e-05,0.0013664235173057747,0.0010494303640468093,0.477426561371053
2024-02-14,GBP,-0.000283555020565296,-0.00014778943,0.0013664235173057747,0.0010494303640468093,0.477426561371053
2024-02-15,GBP,-0.000442026014151196,-0.00092917745,0.0013664235173057747,0.0010494303640468093,0.477426561371053
2024-02-16,GBP,-0.0005055834181454158,-0.00088353956,0.0013664235173057747,0.0010494303640468093,0.477426561371053
2024-02-19,GBP,0.000477525770897964,0.0004824592,0.0013664235173057747,0.0010494303640468093,0.477426561371053
2024-02-20,GBP,0.001128166621658324,0.00056527136,0.0013664235173057747,0.0010494303640468093,0.477426561371053
2024-02-21,GBP,0.000982776805801984,0.00020737485,0.0013664235173057747,0.0010494303640468093,0.477426561371053
2024-02-22,GBP,0.001140586741021084,0.0001259293,0.0013664235173057747,0.0010494303640468093,0.477426561371053
2024-02-23,GBP,0.001425196272993144,0.00033693787,0.0013664235173057747,0.0010494303640468093,0.477426561371053
2024-02-26,GBP,0.000980688055352637,0.0004977145,0.0013664235173057747,0.0010494303640468093,0.477426561371053
2024-02-27,GBP,0.0004118819866887769,0.00045883044,0.0013664235173057747,0.0010494303640468093,0.477426561371053
2024-02-28,GBP,-0.0005365406431502831,0.0005162777,0.0013664235173057747,0.0010494303640468093,0.477426561371053
2024-02-29,GBP,-0.00029844410489514306,0.00010390494,0.0013664235173057747,0.0010494303640468093,0.477426561371053
2024-03-01,GBP,0.00011277750099231692,-0.0005606208,0.0013664235173057747,0.0010494303640468093,0.477426561371053
2024-03-04,GBP,0.0003491555632815039,-0.0003607855,0.0013664235173057747,0.0010494303640468093,0.477426561371053
2024-03-05,GBP,0.0010895368609528438,0.0006138095,0.0013664235173057747,0.0010494303640468093,0.477426561371053
2024-03-06,GBP,0.002867673242462504,0.0012507075,0.0013664235173057747,0.0010494303640468093,0.477426561371053
2024-03-07,GBP,0.003220719287076424,0.0012313878,0.0013664235173057747,0.0010494303640468093,0.477426561371053
2024-03-08,GBP,0.0019046664740176439,0.0019304598,0.0013664235173057747,0.0010494303640468093,0.477426561371053
2024-03-11,GBP,0.0013562629790937243,0.0023190922,0.0013664235173057747,0.0010494303640468093,0.477426561371053
2024-03-12,GBP,0.0010251813678986241,0.0021319943,0.0013664235173057747,0.0010494303640468093,0.477426561371053
2024-03-13,GBP,-0.0008876592039532959,-0.00037485416,0.0013664235173057747,0.0010494303640468093,0.477426561371053
2024-03-14,GBP,-0.001966352745282876,-0.0006961857,0.0013664235173057747,0.0010494303640468093,0.477426561371053
2024-03-15,GBP,-0.0013294366201568359,-0.0012538384,0.0013664235173057747,0.0010494303640468093,0.477426561371053
2024-03-18,GBP,-0.001080211473026356,-0.00095587416,0.0013664235173057747,0.0010494303640468093,0.477426561371053
2024-03-19,GBP,-0.00018377242592683608,-0.0010207647,0.0013664235173057747,0.0010494303640468093,0.477426561371053
2024-03-20,GBP,-0.0014984724242062362,-0.00040608193,0.0013664235173057747,0.0010494303640468093,0.477426561371053
2024-03-21,GBP,-0.002053830142070516,0.00065261545,0.0013664235173057747,0.0010494303640468093,0.477426561371053
2024-03-22,GBP,-0.001451567662102276,-0.00041498637,0.0013664235173057747,0.0010494303640468093,0.477426561371053
2024-03-25,GBP,-0.0014679750008700161,-0.0018205562,0.0013664235173057747,0.0010494303640468093,0.477426561371053
2024-03-26,GBP,-0.002236712540410616,-0.0021542516,0.0013664235173057747,0.0010494303640468093,0.477426561371053
2024-03-27,GBP,-0.00048766749579365554,-0.00031043388,0.0013664235173057747,0.0010494303640468093,0.477426561371053
2024-03-28,GBP,0.0003815242779981384,0.00046977898,0.0013664235173057747,0.0010494303640468093,0.477426561371053
2024-03-29,GBP,-0.0013302268255519216,-7.0300426e-05,0.0013664235173057747,0.0010494303640468093,0.477426561371053
2024-04-01,GBP,-0.0008209429309885615,-0.00035662905,0.0013664235173057747,0.0010494303640468093,0.477426561371053
2024-04-02,GBP,0.00016583495873421836,-0.0010388513,0.0013664235173057747,0.0010494303640468093,0.477426561371053
2024-04-03,GBP,0.0002767019716864784,-0.0011033021,0.0013664235173057747,0.0010494303640468093,0.477426561371053
2024-04-04,GBP,0.00019757926112402429,7.377406e-06,0.0013664235173057747,0.0010494303640468093,0.477426561371053
2024-04-05,GBP,0.0016704591706453442,0.0015005599,0.0013664235173057747,0.0010494303640468093,0.477426561371053
2024-04-08,GBP,0.0016196135235404044,0.00114867,0.0013664235173057747,0.0010494303640468093,0.477426561371053
2024-04-09,GBP,-0.0017656416726190758,0.00022886899,0.0013664235173057747,0.0010494303640468093,0.477426561371053
2024-04-10,GBP,-0.001416176338545516,0.00064587634,0.0013664235173057747,0.0010494303640468093,0.477426561371053
2024-04-11,GBP,-0.002834730776195016,-0.0015493893,0.0013664235173057747,0.0010494303640468093,0.477426561371053
2024-04-12,GBP,-0.003312217807212696,-0.0019207691,0.0013664235173057747,0.0010494303640468093,0.477426561371053
2024-04-15,GBP,-0.004029180611931976,-0.002900344,0.0013664235173057747,0.0010494303640468093,0.477426561371053
2024-04-16,GBP,-0.001369777866886896,-0.0016183602,0.0013664235173057747,0.0010494303640468093,0.477426561371053
2024-04-17,GBP,-0.001850229181312496,-0.0014819958,0.0013664235173057747,0.0010494303640468093,0.477426561371053
2024-04-18,GBP,-0.0014137458205397357,-0.000835253,0.0013664235173057747,0.0010494303640468093,0.477426561371053
2024-04-19,GBP,-0.0015767845078933757,-0.00017672921,0.0013664235173057747,0.0010494303640468093,0.477426561371053
2024-04-22,GBP,0.00039627866436052397,-0.0012522531,0.0013664235173057747,0.0010494303640468093,0.477426561371053
2024-04-23,GBP,0.00018652661846800398,-0.0015800716,0.0013664235173057747,0.0010494303640468093,0.477426561371053
2024-04-24,GBP,0.001229701885319244,-0.00025645166,0.0013664235173057747,0.0010494303640468093,0.477426561371053
2024-04-25,GBP,0.0020033149581652437,0.0013996797,0.0013664235173057747,0.0010494303640468093,0.477426561371053
2024-04-26,GBP,0.0034474208520788438,0.0017885962,0.0013664235173057747,0.0010494303640468093,0.477426561371053
2024-04-29,GBP,0.0006816334789865441,0.0007166726,0.0013664235173057747,0.0010494303640468093,0.477426561371053
2024-04-30,GBP,0.001017011267163964,0.0007130592,0.0013664235173057747,0.0010494303640468093,0.477426561371053
2024-05-01,GBP,0.0003746494356449241,0.0004947677,0.0013664235173057747,0.0010494303640468093,0.477426561371053
2024-05-02,GBP,0.0008378524671566641,2.2513497e-05,0.0013664235173057747,0.0010494303640468093,0.477426561371053
2024-05-03,GBP,-1.1481926678955868e-05,0.00037913816,0.0013664235173057747,0.0010494303640468093,0.477426561371053
2024-05-06,GBP,0.00030684746171172426,0.00079819106,0.0013664235173057747,0.0010494303640468093,0.477426561371053
2024-05-07,GBP,-0.0004934128184157156,0.0010749068,0.0013664235173057747,0.0010494303640468093,0.477426561371053
2024-05-08,GBP,-0.00017305879424177572,-0.00020391685,0.0013664235173057747,0.0010494303640468093,0.477426561371053
2024-05-09,GBP,-0.00034855335644936664,-0.00044300832,0.0013664235173057747,0.0010494303640468093,0.477426561371053
2024-05-10,GBP,-6.070822897894678e-05,-0.0007065302,0.0013664235173057747,0.0010494303640468093,0.477426561371053
2024-05-13,GBP,0.0012927468136560332,0.00038921737,0.0013664235173057747,0.0010494303640468093,0.477426561371053
2024-05-14,GBP,0.002993710560171273,0.00084047054,0.0013664235173057747,0.0010494303640468093,0.477426561371053
2024-05-15,GBP,0.0023408737058930734,0.0011613991,0.0013664235173057747,0.0010494303640468093,0.477426561371053
2024-05-16,GBP,0.0028142106569771443,0.0021304532,0.0013664235173057747,0.0010494303640468093,0.477426561371053
2024-05-17,GBP,0.002350246756719064,0.0020958355,0.0013664235173057747,0.0010494303640468093,0.477426561371053
2024-05-20,GBP,0.0018876477415703842,0.0015260155,0.0013664235173057747,0.0010494303640468093,0.477426561371053
2024-05-21,GBP,0.0004889315754330042,0.0005808398,0.0013664235173057747,0.0010494303640468093,0.477426561371053
2024-05-22,GBP,0.0004422850456776642,0.0003702413,0.0013664235173057747,0.0010494303640468093,0.477426561371053
2024-05-23,GBP,0.0005672003479755842,0.00045337444,0.0013664235173057747,0.0010494303640468093,0.477426561371053
2024-05-24,GBP,0.0009909507515341442,-8.4564854e-05,0.0013664235173057747,0.0010494303640468093,0.477426561371053
2024-05-27,GBP,0.0008340107695513643,0.00043022388,0.0013664235173057747,0.0010494303640468093,0.477426561371053
2024-05-28,GBP,-0.0002319614888448158,0.0008661937,0.0013664235173057747,0.0010494303640468093,0.477426561371053
2024-05-29,GBP,0.0005550623128096042,0.0010556713,0.0013664235173057747,0.0010494303640468093,0.477426561371053
2024-05-30,GBP,3.5076624437604205e-05,-0.00023782293,0.0013664235173057747,0.0010494303640468093,0.477426561371053
2024-05-31,GBP,0.0006158479379994443,-0.00044309453,0.0013664235173057747,0.0010494303640468093,0.477426561371053
2024-06-03,GBP,0.00010083116149086418,0.0002802227,0.0013664235173057747,0.0010494303640468093,0.477426561371053
2024-06-04,GBP,0.0013543223785373042,0.001892193,0.0013664235173057747,0.0010494303640468093,0.477426561371053
2024-06-05,GBP,0.0008972417971236644,0.0014812829,0.0013664235173057747,0.0010494303640468093,0.477426561371053
2024-06-06,GBP,-0.0002133337205466157,0.00042012113,0.0013664235173057747,0.0010494303640468093,0.477426561371053
2024-06-07,GBP,-0.001186542501393276,0.00031597482,0.0013664235173057747,0.0010494303640468093,0.477426561371053
2024-06-10,GBP,-0.00043617206255943563,-0.00090752036,0.0013664235173057747,0.0010494303640468093,0.477426561371053
2024-06-11,GBP,0.00016094701118426428,-0.0009938838,0.0013664235173057747,0.0010494303640468093,0.477426561371053
2024-06-12,GBP,-0.00043299107082015576,-0.0010558229,0.0013664235173057747,0.0010494303640468093,0.477426561371053
2024-06-13,GBP,-0.0006075940253908957,0.0013521267,0.0013664235173057747,0.0010494303640468093,0.477426561371053
2024-06-14,GBP,-0.0004338983124084758,0.0011622617,0.0013664235173057747,0.0010494303640468093,0.477426561371053
2024-06-17,GBP,-0.0004965590074896156,-0.0006349091,0.0013664235173057747,0.0010494303640468093,0.477426561371053
2024-06-18,GBP,-0.0012182420934796756,-0.0013018269,0.0013664235173057747,0.0010494303640468093,0.477426561371053
2024-06-19,GBP,-0.0016303379511878955,-0.0010236871,0.0013664235173057747,0.0010494303640468093,0.477426561371053
2024-06-20,GBP,-0.0006605818904492754,0.00024376571,0.0013664235173057747,0.0010494303640468093,0.477426561371053
2024-06-21,GBP,-0.0002800950880779956,-0.00071513647,0.0013664235173057747,0.0010494303640468093,0.477426561371053
2024-06-24,GBP,-0.00037457586400622213,-0.0008951275,0.0013664235173057747,0.0010494303640468093,0.477426561371053
2024-06-25,GBP,-0.0015410104835528822,-0.0005001422,0.0013664235173057747,0.0010494303640468093,0.477426561371053
2024-06-26,GBP,-0.00029645459250340233,0.00039113927,0.0013664235173057747,0.0010494303640468093,0.477426561371053
2024-06-27,GBP,1.966862398037767e-05,-0.0006982502,0.0013664235173057747,0.0010494303640468093,0.477426561371053
2024-06-28,GBP,-0.0005655479249409624,-0.0012497985,0.0013664235173057747,0.0010494303640468093,0.477426561371053
2024-07-01,GBP,3.57716954244433e-06,-0.00065874745,0.0013664235173057747,0.0010494303640468093,0.477426561371053
2024-07-02,GBP,0.0019428755534604241,0.0004872918,0.0013664235173057747,0.0010494303640468093,0.477426561371053
2024-07-03,GBP,0.0018928886172104842,0.00050799455,0.0013664235173057747,0.0010494303640468093,0.477426561371053
2024-07-04,GBP,0.0026443468926757646,0.0010281408,0.0013664235173057747,0.0010494303640468093,0.477426561371053
2024-07-05,GBP,0.002456222351820544,0.0014886418,0.0013664235173057747,0.0010494303640468093,0.477426561371053
2024-07-08,GBP,0.0016061267629815846,0.0015529614,0.0013664235173057747,0.0010494303640468093,0.477426561371053
2024-07-09,GBP,0.0016456290918366646,0.0011138595,0.0013664235173057747,0.0010494303640468093,0.477426561371053
2024-07-10,GBP,0.0024062824229597844,0.0002547311,0.0013664235173057747,0.0010494303640468093,0.477426561371053
2024-07-11,GBP,0.0027059304926836045,0.000436553,0.0013664235173057747,0.0010494303640468093,0.477426561371053
2024-07-12,GBP,0.002522817329527505,0.0014619374,0.0013664235173057747,0.0010494303640468093,0.477426561371053
2024-07-15,GBP,0.0029275112851580845,0.0026727465,0.0013664235173057747,0.0010494303640468093,0.477426561371053
2024-07-16,GBP,0.0024818611765834845,0.0025875776,0.0013664235173057747,0.0010494303640468093,0.477426561371053
2024-07-17,GBP,0.0004554271461454044,0.0012354482,0.0013664235173057747,0.0010494303640468093,0.477426561371053
2024-07-18,GBP,-0.0011541869501666756,0.0012533863,0.0013664235173057747,0.0010494303640468093,0.477426561371053
2024-07-19,GBP,-0.0005209567360052356,6.833783e-05,0.0013664235173057747,0.0010494303640468093,0.477426561371053
2024-07-22,GBP,-0.0010464190389494557,-0.0006367911,0.0013664235173057747,0.0010494303640468093,0.477426561371053
2024-07-23,GBP,-0.0015705038173694555,-0.0008438319,0.0013664235173057747,0.0010494303640468093,0.477426561371053
2024-07-24,GBP,-0.0014235678584788955,-5.587741e-05,0.0013664235173057747,0.0010494303640468093,0.477426561371053
2024-07-25,GBP,-0.0007109889569060954,-0.00021827967,0.0013664235173057747,0.0010494303640468093,0.477426561371053
2024-07-26,GBP,-0.0011295044098836753,-0.000851065,0.0013664235173057747,0.0010494303640468093,0.477426561371053
2024-07-29,GBP,-0.0011007724147372355,-0.00091904955,0.0013664235173057747,0.0010494303640468093,0.477426561371053
2024-07-30,GBP,-0.0007891488559961955,-0.00046641118,0.0013664235173057747,0.0010494303640468093,0.477426561371053
2024-07-31,GBP,-0.0017260075255198758,-0.0003690951,0.0013664235173057747,0.0010494303640468093,0.477426561371053
2024-08-01,GBP,-0.0009703058086922953,-0.00013264411,0.0013664235173057747,0.0010494303640468093,0.477426561371053
2024-08-02,GBP,-0.0012987871813456354,-0.0011734517,0.0013664235173057747,0.0010494303640468093,0.477426561371053
2024-08-05,GBP,-0.002256183821371175,-0.00080248696,0.0013664235173057747,0.0010494303640468093,0.477426561371053
2024-08-06,GBP,-0.0025362889812468557,-0.00048116007,0.0013664235173057747,0.0010494303640468093,0.477426561371053
2024-08-07,GBP,0.00015069198533598451,-0.00090820185,0.0013664235173057747,0.0010494303640468093,0.477426561371053
2024-08-08,GBP,-0.0006657675319740155,-0.0015774113,0.0013664235173057747,0.0010494303640468093,0.477426561371053
2024-08-09,GBP,-0.00016566056213043544,-0.0006535098,0.0013664235173057747,0.0010494303640468093,0.477426561371053
2024-08-12,GBP,0.0027001699362348046,0.0014995632,0.0013664235173057747,0.0010494303640468093,0.477426561371053
2024-08-13,GBP,0.002108906532316185,0.001036247,0.0013664235173057747,0.0010494303640468093,0.477426561371053
2024-08-14,GBP,0.0016475174000859648,0.0012656873,0.0013664235173057747,0.0010494303640468093,0.477426561371053
2024-08-15,GBP,0.0028596096471548054,0.001314604,0.0013664235173057747,0.0010494303640468093,0.477426561371053
2024-08-16,GBP,0.0035074510741541056,0.001144547,0.0013664235173057747,0.0010494303640468093,0.477426561371053
2024-08-19,GBP,0.002634390966367645,0.0005753352,0.0013664235173057747,0.0010494303640468093,0.477426561371053
2024-08-20,GBP,0.004068838649238745,0.0017074855,0.0013664235173057747,0.0010494303640468093,0.477426561371053
2024-08-21,GBP,0.003693688185075645,0.002289113,0.0013664235173057747,0.0010494303640468093,0.477426561371053
2024-08-22,GBP,0.004187487787068405,0.0018311345,0.0013664235173057747,0.0010494303640468093,0.477426561371053
2024-08-23,GBP,0.003007321787423625,0.0016025135,0.0013664235173057747,0.0010494303640468093,0.477426561371053
2024-08-26,GBP,0.003467871276109845,0.0020160421,0.0013664235173057747,0.0010494303640468093,0.477426561371053
2024-08-27,GBP,0.0015373616601321253,0.0017673814,0.0013664235173057747,0.0010494303640468093,0.477426561371053
2024-08-28,GBP,0.0011579390936694851,0.0016736594,0.0013664235173057747,0.0010494303640468093,0.477426561371053
2024-08-29,GBP,-0.001358924563916475,0.00080723205,0.0013664235173057747,0.0010494303640468093,0.477426561371053
2024-08-30,GBP,-0.0005850125103417547,-0.00038475488,0.0013664235173057747,0.0010494303640468093,0.477426561371053
2024-09-02,GBP,-0.002209352418441915,-0.0013014523,0.0013664235173057747,0.0010494303640468093,0.477426561371053
2024-09-03,GBP,-0.0006655174186684946,-0.0009799376,0.0013664235173057747,0.0010494303640468093,0.477426561371053
2024-09-04,GBP,0.00020054999452168528,-0.0007030936,0.0013664235173057747,0.0010494303640468093,0.477426561371053
2024-09-05,GBP,7.977732042606526e-05,-0.00027186138,0.0013664235173057747,0.0010494303640468093,0.477426561371053
2024-09-06,GBP,-0.0010930523899171346,0.000798918,0.0013664235173057747,0.0010494303640468093,0.477426561371053
2024-09-09,GBP,-0.0005299778719206145,0.00022542466,0.0013664235173057747,0.0010494303640468093,0.477426561371053
2024-09-10,GBP,-0.0015837984253148744,-0.00078386796,0.0013664235173057747,0.0010494303640468093,0.477426561371053
2024-09-11,GBP,-0.0008741390125125547,-0.0014363665,0.0013664235173057747,0.0010494303640468093,0.477426561371053
2024-09-12,GBP,-0.0001154041711332744,-0.00070389983,0.0013664235173057747,0.0010494303640468093,0.477426561371053
2024-09-13,GBP,0.0021394858755202652,0.0003584269,0.0013664235173057747,0.0010494303640468093,0.477426561371053
2024-09-16,GBP,0.0012612758283903254,0.0008762934,0.0013664235173057747,0.0010494303640468093,0.477426561371053
2024-09-17,GBP,0.0026020854161363655,0.0022712387,0.0013664235173057747,0.0010494303640468093,0.477426561371053
2024-09-18,GBP,0.0024498628963125655,0.001642483,0.0013664235173057747,0.0010494303640468093,0.477426561371053
2024-09-19,GBP,0.003036850723229785,0.0011578096,0.0013664235173057747,0.0010494303640468093,0.477426561371053
2024-09-20,GBP,0.0019950913179185253,0.0013057117,0.0013664235173057747,0.0010494303640468093,0.477426561371053
2024-09-23,GBP,0.003831311487838146,0.0018943409,0.0013664235173057747,0.0010494303640468093,0.477426561371053
2024-09-24,GBP,0.0016996041197893657,0.002168032,0.0013664235173057747,0.0010494303640468093,0.477426561371053
2024-09-25,GBP,0.001975642032977065,0.0013350596,0.0013664235173057747,0.0010494303640468093,0.477426561371053
2024-09-26,GBP,0.0008367011533624853,0.0008541349,0.0013664235173057747,0.0010494303640468093,0.477426561371053
2024-09-27,GBP,0.00041665377540382536,0.0003516564,0.0013664235173057747,0.0010494303640468093,0.477426561371053
2024-09-30,GBP,-0.0019330363318333145,0.0002648823,0.0013664235173057747,0.0010494303640468093,0.477426561371053
2024-10-01,GBP,-0.0008623829434532746,0.0001544949,0.0013664235173057747,0.0010494303640468093,0.477426561371053
2024-10-02,GBP,-0.004354074074327615,-0.0012215768,0.0013664235173057747,0.0010494303640468093,0.477426561371053
2024-10-03,GBP,-0.003863075724931975,-0.0015450838,0.0013664235173057747,0.0010494303640468093,0.477426561371053
2024-10-04,GBP,-0.0044129436846003555,-0.0026588475,0.0013664235173057747,0.0010494303640468093,0.477426561371053
2024-10-07,GBP,-0.002730809282904115,-0.0023253155,0.0013664235173057747,0.0010494303640468093,0.477426561371053
2024-10-08,GBP,-0.0029484354028636943,-0.001947723,0.0013664235173057747,0.0010494303640468093,0.477426561371053
2024-10-09,GBP,-0.0009910119706475944,-0.0007895832,0.0013664235173057747,0.0010494303640468093,0.477426561371053
2024-10-10,GBP,-0.0008381001351630542,-0.0003896111,0.0013664235173057747,0.0010494303640468093,0.477426561371053
2024-10-11,GBP,-0.00035088283003261437,-0.0010262931,0.0013664235173057747,0.0010494303640468093,0.477426561371053
2024-10-14,GBP,-0.0004574962138896744,-0.00091581204,0.0013664235173057747,0.0010494303640468093,0.477426561371053
2024-10-15,GBP,-0.0012541238634314945,-0.0006971479,0.0013664235173057747,0.0010494303640468093,0.477426561371053
2024-10-16,GBP,-0.0007470641625620146,-0.00019052012,0.0013664235173057747,0.0010494303640468093,0.477426561371053
2024-10-17,GBP,-0.00023939736677851454,-0.0008108004,0.0013664235173057747,0.0010494303640468093,0.477426561371053
2024-10-18,GBP,-0.0011283682604798146,-0.0003194541,0.0013664235173057747,0.0010494303640468093,0.477426561371053
2024-10-21,GBP,-0.0013734972731656951,-5.5421166e-05,0.0013664235173057747,0.0010494303640468093,0.477426561371053
2024-10-22,GBP,-0.0010128246113348552,-0.00016545714,0.0013664235173057747,0.0010494303640468093,0.477426561371053
2024-10-23,GBP,-0.0005158535226308951,-0.0005466353,0.0013664235173057747,0.0010494303640468093,0.477426561371053
2024-10-24,GBP,-0.001346484224045015,-0.001819125,0.0013664235173057747,0.0010494303640468093,0.477426561371053
2024-10-25,GBP,-0.0001807822009000551,-0.00047782942,0.0013664235173057747,0.0010494303640468093,0.477426561371053
2024-10-28,GBP,0.0004821188375144856,0.00020832976,0.0013664235173057747,0.0010494303640468093,0.477426561371053
2024-10-29,GBP,0.0005919250732219258,0.00034208232,0.0013664235173057747,0.0010494303640468093,0.477426561371053
2024-10-30,GBP,-0.0012005104897661743,0.0007515425,0.0013664235173057747,0.0010494303640468093,0.477426561371053
2024-10-31,GBP,-0.00027151054990707445,0.00023210947,0.0013664235173057747,0.0010494303640468093,0.477426561371053
2024-11-01,GBP,-0.00022494607443987441,-0.0010114579,0.0013664235173057747,0.0010494303640468093,0.477426561371053
2024-11-04,GBP,0.00042405164741266563,-0.0012898745,0.0013664235173057747,0.0010494303640468093,0.477426561371053
2024-11-05,GBP,-0.0012457532201380745,-0.00011248302,0.0013664235173057747,0.0010494303640468093,0.477426561371053
2024-11-06,GBP,0.0013881119295764655,0.001941875,0.0013664235173057747,0.0010494303640468093,0.477426561371053
2024-11-07,GBP,-0.0003415226708232743,0.00022850693,0.0013664235173057747,0.0010494303640468093,0.477426561371053
2024-11-08,GBP,-0.0013627423601681944,-0.00017391058,0.0013664235173057747,0.0010494303640468093,0.477426561371053
2024-11-11,GBP,-0.0045087880025709735,-0.00053550536,0.0013664235173057747,0.0010494303640468093,0.477426561371053
2024-11-12,GBP,-0.0026366715754474945,-0.0010717378,0.0013664235173057747,0.0010494303640468093,0.477426561371053
2024-11-13,GBP,-0.004974769356234034,-0.0030644545,0.0013664235173057747,0.0010494303640468093,0.477426561371053
2024-11-14,GBP,-0.004732032190784294,-0.003191137,0.0013664235173057747,0.0010494303640468093,0.477426561371053
2024-11-15,GBP,-0.0029764902738357545,-0.0025049306,0.0013664235173057747,0.0010494303640468093,0.477426561371053
2024-11-18,GBP,-0.001063834591140795,-0.0021606209,0.0013664235173057747,0.0010494303640468093,0.477426561371053
2024-11-19,GBP,-0.0008937115735029348,-0.00141544,0.0013664235173057747,0.0010494303640468093,0.477426561371053
2024-11-20,GBP,-0.001228652617545675,-0.0005043202,0.0013664235173057747,0.0010494303640468093,0.477426561371053
2024-11-21,GBP,-0.0013923150037856147,-8.2548235e-05,0.0013664235173057747,0.0010494303640468093,0.477426561371053
2024-11-22,GBP,-0.001689019302753235,-0.0012101042,0.0013664235173057747,0.0010494303640468093,0.477426561371053
2024-11-25,GBP,-0.0017521257159424548,-0.001909701,0.0013664235173057747,0.0010494303640468093,0.477426561371053
2024-11-26,GBP,0.00047136124771636495,-0.0010874366,0.0013664235173057747,0.0010494303640468093,0.477426561371053
2024-11-27,GBP,0.001561880986645345,-2.6772526e-05,0.0013664235173057747,0.0010494303640468093,0.477426561371053
2024-11-28,GBP,0.0032716514580920847,0.0019939484,0.0013664235173057747,0.0010494303640468093,0.477426561371053
2024-11-29,GBP,0.0013769023734831046,0.0020911377,0.0013664235173057747,0.0010494303640468093,0.477426561371053
2024-12-02,GBP,0.001645549655404725,0.0020472133,0.0013664235173057747,0.0010494303640468093,0.477426561371053
2024-12-03,GBP,0.00030554260830644494,0.00057461637,0.0013664235173057747,0.0010494303640468093,0.477426561371053
2024-12-04,GBP,0.001155794737010385,-0.000110999965,0.0013664235173057747,0.0010494303640468093,0.477426561371053
2024-12-05,GBP,-0.001513201221383075,0.00028425737,0.0013664235173057747,0.0010494303640468093,0.477426561371053
2024-12-06,GBP,0.0015153722973697452,0.0014740174,0.0013664235173057747,0.0010494303640468093,0.477426561371053
2024-12-09,GBP,0.0015761109459633653,0.0006336378,0.0013664235173057747,0.0010494303640468093,0.477426561371053
2024-12-10,GBP,0.0008368231154691653,0.00062706775,0.0013664235173057747,0.0010494303640468093,0.477426561371053
2024-12-11,GBP,-0.0013627639185856547,0.0018831753,0.0013664235173057747,0.0010494303640468093,0.477426561371053
2024-12-12,GBP,-0.0003816162348517749,0.0011441418,0.0013664235173057747,0.0010494303640468093,0.477426561371053
2024-12-13,GBP,-0.001028175034376655,-0.0012716912,0.0013664235173057747,0.0010494303640468093,0.477426561371053
2024-12-16,GBP,-0.0009318613196415946,-0.0025500332,0.0013664235173057747,0.0010494303640468093,0.477426561371053
2024-12-17,GBP,-0.0028055862335452544,-0.0010886489,0.0013664235173057747,0.0010494303640468093,0.477426561371053
2024-12-18,GBP,-0.0026961924707860747,0.00031298053,0.0013664235173057747,0.0010494303640468093,0.477426561371053
2024-12-19,GBP,-0.0006768767433170345,-0.0011025686,0.0013664235173057747,0.0010494303640468093,0.477426561371053
2024-12-20,GBP,-0.0023594915193124746,-0.0024346982,0.0013664235173057747,0.0010494303640468093,0.477426561371053
2024-12-23,GBP,-0.0026735038889345547,-0.0020197688,0.0013664235173057747,0.0010494303640468093,0.477426561371053
2024-12-24,GBP,-0.0002473975822107348,-0.0005766116,0.0013664235173057747,0.0010494303640468093,0.477426561371053
2024-12-25,GBP,0.0004360200348869251,-0.0008528366,0.0013664235173057747,0.0010494303640468093,0.477426561371053
2024-12-26,GBP,9.839187272614527e-05,-0.0010365905,0.0013664235173057747,0.0010494303640468093,0.477426561371053
2024-12-27,GBP,0.0002576906393278053,-0.00022489765,0.0013664235173057747,0.0010494303640468093,0.477426561371053
2024-12-30,GBP,-0.00044359109092553464,0.0004852671,0.0013664235173057747,0.0010494303640468093,0.477426561371053
2024-12-31,GBP,-0.0006348410912122746,0.0002388253,0.0013664235173057747,0.0010494303640468093,0.477426561371053
2025-01-01,GBP,-0.0023300137164880747,-0.0006436806,0.0013664235173057747,0.0010494303640468093,0.477426561371053
2025-01-02,GBP,-0.0024340455857631746,-0.00077508984,0.0013664235173057747,0.0010494303640468093,0.477426561371053
2025-01-03,GBP,-0.0004587441410776743,-0.0017184498,0.0013664235173057747,0.0010494303640468093,0.477426561371053
2025-01-06,GBP,-0.0005559957850069745,-0.0012716716,0.0013664235173057747,0.0010494303640468093,0.477426561371053
2025-01-07,GBP,-0.0024471861947837547,0.00033249857,0.0013664235173057747,0.0010494303640468093,0.477426561371053
2025-01-08,GBP,-0.0011960487867125147,0.0014810673,0.0013664235173057747,0.0010494303640468093,0.477426561371053
2025-01-09,GBP,-0.0034996427678474344,-0.0009276232,0.0013664235173057747,0.0010494303640468093,0.477426561371053
2025-01-10,GBP,-0.005126517668043695,-0.002429389,0.0013664235173057747,0.0010494303640468093,0.477426561371053
2025-01-13,GBP,-0.004210219795335374,-0.0033762166,0.0013664235173057747,0.0010494303640468093,0.477426561371053
2025-01-14,GBP,-0.0019413392774188948,-0.0026666797,0.0013664235173057747,0.0010494303640468093,0.477426561371053
2025-01-15,GBP,-0.0011007537573499949,-0.0017635635,0.0013664235173057747,0.0010494303640468093,0.477426561371053
2025-01-16,GBP,-0.0006359781448109548,0.00021728514,0.0013664235173057747,0.0010494303640468093,0.477426561371053
2025-01-17,GBP,0.002076118749250385,0.0010337423,0.0013664235173057747,0.0010494303640468093,0.477426561371053
2025-01-20,GBP,0.002268436786111145,-0.00033046174,0.0013664235173057747,0.0010494303640468093,0.477426561371053
2025-01-21,GBP,0.001211477026957545,0.0005404354,0.0013664235173057747,0.0010494303640468093,0.477426561371053
2025-01-22,GBP,0.001877664918537145,0.0016707281,0.0013664235173057747,0.0010494303640468093,0.477426561371053
2025-01-23,GBP,0.005158983513637765,0.0017784556,0.0013664235173057747,0.0010494303640468093,0.477426561371053
2025-01-24,GBP,0.002768413196064525,-0.00024072327,0.0013664235173057747,0.0010494303640468093,0.477426561371053
2025-01-27,GBP,0.001466643385049865,0.0018935988,0.0013664235173057747,0.0010494303640468093,0.477426561371053
2025-01-28,GBP,0.0021622495804358047,0.0028037438,0.0013664235173057747,0.0010494303640468093,0.477426561371053
2025-01-29,GBP,0.001031242085119645,0.0015050173,0.0013664235173057747,0.0010494303640468093,0.477426561371053
2025-01-30,GBP,-0.0014278912403131749,5.0737057e-05,0.0013664235173057747,0.0010494303640468093,0.477426561371053
2025-01-31,GBP,-0.0008127354417238951,-0.00071713864,0.0013664235173057747,0.0010494303640468093,0.477426561371053
